{"pitch_frame": [-1.180197843951333, 6.935800819505706, 128.28603486588986, 108.69875379231748], "pitch_phone": [-2.9170793047299424, 11.391254536985798, 207.63098600265945, 46.77559025098991], "energy_frame": [-1.1494710445404053, 9.100602149963379, 36.52534636981633, 31.755047627179003], "energy_phone": [-1.431044578552246, 8.184337615966797, 37.32621679053811, 26.04418078283586], "max_seq_len": 870}