{"f0_unsup": [214.1694999651145, 63.35627615696583], "f0_sup": [214.3189956073706, 63.96587559422269], "energy_unsup_frame": [-1.1718508005142212, 9.087462425231934, 37.20250267917981, 31.72644793511219], "energy_sup_frame": [-1.1494710445404053, 9.100602149963379, 36.52534636981633, 31.755047627179003], "energy_sup_phone": [-1.431044578552246, 8.184337615966797, 37.32621679053811, 26.04418078283586], "spec_unsup_min": [-11.469481468200684, -10.768438339233398, -9.96843147277832, -10.319121360778809, -10.24073600769043, -10.016997337341309, -10.243688583374023, -10.540397644042969, -10.226058959960938, -11.2974271774292, -11.512925148010254, -10.48845100402832, -10.498303413391113, -10.600692749023438, -10.677831649780273, -10.290786743164062, -10.438029289245605, -10.76464557647705, -10.798888206481934, -10.631915092468262, -10.576851844787598, -10.912689208984375, -10.948136329650879, -10.4891357421875, -10.901062965393066, -10.709659576416016, -10.791935920715332, -10.878861427307129, -10.792112350463867, -10.888445854187012, -11.220173835754395, -10.708105087280273, -10.837274551391602, -11.10164737701416, -11.284429550170898, -11.067110061645508, -11.160037994384766, -10.924575805664062, -11.120901107788086, -11.512925148010254, -11.051566123962402, -10.927520751953125, -10.746577262878418, -10.865585327148438, -10.707656860351562, -10.977755546569824, -10.920848846435547, -11.076333045959473, -10.98110580444336, -11.172768592834473, -11.333459854125977, -11.056884765625, -10.994946479797363, -11.141226768493652, -11.317380905151367, -11.512925148010254, -11.169285774230957, -11.257662773132324, -11.181741714477539, -10.988104820251465, -11.134912490844727, -10.989680290222168, -10.91568660736084, -11.007221221923828, -11.016426086425781, -10.921521186828613, -11.022143363952637, -11.294442176818848, -11.189154624938965, -11.406586647033691, -11.512925148010254, -11.512925148010254, -11.512925148010254, -11.512925148010254, -11.512925148010254, -11.512925148010254, -11.512925148010254, -11.512925148010254, -11.48617172241211, -11.421052932739258], "spec_unsup_max": [-1.3634790182113647, -1.5995709896087646, -0.7586699724197388, 0.31735891103744507, 0.8302388787269592, 1.352643609046936, 1.772902250289917, 1.83986234664917, 1.9023191928863525, 1.9720772504806519, 1.9379690885543823, 1.9560068845748901, 1.889830470085144, 2.0431199073791504, 2.0957534313201904, 1.9842907190322876, 2.0277152061462402, 2.091404676437378, 2.0073139667510986, 1.974448323249817, 1.7326891422271729, 1.7258507013320923, 1.7088223695755005, 1.7054764032363892, 1.7428399324417114, 1.7638312578201294, 1.5971760749816895, 1.4007123708724976, 1.451018214225769, 1.40231454372406, 1.2593659162521362, 1.3331056833267212, 1.484261393547058, 1.1652131080627441, 0.864253580570221, 0.9164842963218689, 0.8340813517570496, 0.851959228515625, 0.9508482217788696, 0.8192025423049927, 0.7930895090103149, 0.8282703161239624, 0.6145666837692261, 0.5195393562316895, 0.28252047300338745, 0.5292761325836182, 0.19422465562820435, 0.2979161739349365, 0.1676829606294632, 0.3382384479045868, 0.2249702662229538, 0.24221651256084442, 0.2613462209701538, 0.1252337098121643, 0.1053810566663742, -0.07933317869901657, 0.33249884843826294, 0.027108512818813324, 0.0686040148139, 0.6147964596748352, 0.4445645213127136, 0.21345020830631256, 0.6772104501724243, 0.4842052757740021, 0.3048895001411438, 0.6678946614265442, 0.6193884611129761, 0.7760462164878845, 0.7810625433921814, 0.8281054496765137, 0.8588772416114807, 0.7396140098571777, 0.7299363613128662, 0.7192922830581665, 0.8582835793495178, 0.7652294635772705, 0.8704853653907776, 0.9159796237945557, 0.8812375068664551, 0.7440310120582581], "spec_sup_min": [-11.469481468200684, -10.768438339233398, -10.05811595916748, -10.319121360778809, -10.24073600769043, -10.016997337341309, -9.923521995544434, -10.57834243774414, -10.346625328063965, -11.2974271774292, -10.392683982849121, -10.48845100402832, -10.498303413391113, -10.600692749023438, -10.677831649780273, -10.290786743164062, -10.438029289245605, -10.76464557647705, -10.798888206481934, -10.608209609985352, -10.588716506958008, -11.086200714111328, -10.948136329650879, -10.4891357421875, -10.955056190490723, -10.709659576416016, -10.887648582458496, -10.878861427307129, -11.033586502075195, -11.169975280761719, -11.220173835754395, -11.139020919799805, -11.037013053894043, -11.10164737701416, -11.464554786682129, -10.829379081726074, -11.160367965698242, -11.051058769226074, -11.512925148010254, -11.38371467590332, -11.051566123962402, -10.997408866882324, -11.238153457641602, -10.865585327148438, -10.780774116516113, -10.993109703063965, -10.826485633850098, -11.438852310180664, -11.319412231445312, -11.172768592834473, -11.333459854125977, -11.056884765625, -11.062971115112305, -11.141226768493652, -11.317380905151367, -11.512925148010254, -11.169285774230957, -11.304387092590332, -11.181741714477539, -10.988104820251465, -11.134912490844727, -10.989680290222168, -11.08957576751709, -11.007221221923828, -11.016426086425781, -10.921521186828613, -11.085683822631836, -11.190279006958008, -11.189154624938965, -11.406586647033691, -11.512925148010254, -11.512925148010254, -11.512925148010254, -11.512925148010254, -11.512925148010254, -11.512925148010254, -11.512925148010254, -11.512925148010254, -11.48617172241211, -11.421052932739258], "spec_sup_max": [-1.2333805561065674, -1.155454158782959, -0.7586699724197388, 0.31735891103744507, 0.8302388787269592, 1.3565410375595093, 1.7590655088424683, 1.83986234664917, 1.9023191928863525, 1.9720772504806519, 1.9271588325500488, 1.9560068845748901, 1.889830470085144, 2.0431199073791504, 2.0957534313201904, 1.9842907190322876, 2.0277152061462402, 2.091404676437378, 2.0073139667510986, 1.974448323249817, 1.7326891422271729, 1.7381110191345215, 1.7088223695755005, 1.7054764032363892, 1.7428399324417114, 1.7638312578201294, 1.5390567779541016, 1.4007123708724976, 1.451018214225769, 1.40231454372406, 1.2593659162521362, 1.33526611328125, 1.486015796661377, 1.1652131080627441, 0.864253580570221, 0.9164842963218689, 0.8340813517570496, 0.7979956269264221, 0.9508482217788696, 0.8192025423049927, 0.7930895090103149, 0.8049646019935608, 0.6145666837692261, 0.5195393562316895, 0.28252047300338745, 0.5292761325836182, 0.19422465562820435, 0.2979161739349365, 0.1676829606294632, 0.3382384479045868, 0.2249702662229538, 0.24221651256084442, 0.2613462209701538, 0.1252337098121643, 0.1053810566663742, -0.07933317869901657, 0.33249884843826294, -0.06639864295721054, 0.0686040148139, 0.6147964596748352, 0.4445645213127136, 0.21345020830631256, 0.6772104501724243, 0.4842052757740021, 0.24577316641807556, 0.6678946614265442, 0.6193884611129761, 0.7760462164878845, 0.7810625433921814, 0.8850235939025879, 0.9012994766235352, 0.7396140098571777, 0.7299363613128662, 0.7192922830581665, 0.8582835793495178, 0.7652294635772705, 0.8704853653907776, 0.9159796237945557, 0.8812375068664551, 0.7440310120582581], "max_seq_len": 870}