{"pitch": [-2.9170793047299504, 11.391254536985798, 207.63098600265977, 46.775590250989886], "energy": [-1.431044578552246, 8.184337615966797, 37.32621679053763, 26.044180782835834]}