{"pitch": [-1.9048840407240843, 11.203635567576887, 166.65830743152384, 55.915719612109555], "energy": [-1.364117980003357, 8.444951057434082, 50.847948738734715, 36.91868858609725], "max_seq_len": 1126}