{"f0_unsup": [173.86523026785642, 73.89413441927218], "f0_sup": [173.71544855530212, 72.43184327112628], "energy_unsup_frame": [-1.157511830329895, 11.295648574829102, 46.48384051530222, 39.9568884644421], "energy_sup_frame": [-1.1477086544036865, 11.643817901611328, 47.00971786926715, 40.87148486370814], "energy_sup_phone": [-1.364118218421936, 8.444457054138184, 50.85049170611595, 36.92054909660304], "spec_unsup_min": [-6.701972007751465, -6.936286449432373, -8.0971097946167, -8.711502075195312, -9.794410705566406, -9.573561668395996, -10.229475021362305, -10.539127349853516, -10.326844215393066, -10.481851577758789, -10.502280235290527, -11.512925148010254, -10.92013931274414, -10.859396934509277, -11.110437393188477, -11.133672714233398, -11.042596817016602, -11.512925148010254, -11.11195182800293, -11.468822479248047, -10.958612442016602, -11.144372940063477, -11.301446914672852, -11.512925148010254, -11.512925148010254, -11.512925148010254, -11.512925148010254, -11.512925148010254, -11.512925148010254, -11.512925148010254, -11.512925148010254, -11.512925148010254, -11.458380699157715, -11.512925148010254, -11.512925148010254, -11.512925148010254, -11.512925148010254, -11.512925148010254, -11.512925148010254, -11.512925148010254, -11.512925148010254, -11.512925148010254, -11.512925148010254, -11.512925148010254, -11.512925148010254, -11.512925148010254, -11.512925148010254, -11.512925148010254, -11.512925148010254, -11.512925148010254, -11.512925148010254, -11.512925148010254, -11.512925148010254, -11.512925148010254, -11.483236312866211, -11.512925148010254, -11.512925148010254, -11.488997459411621, -11.471065521240234, -11.48547077178955, -11.512925148010254, -11.446113586425781, -11.512925148010254, -11.512925148010254, -11.431005477905273, -11.376490592956543, -11.449037551879883, -11.512925148010254, -11.389199256896973, -11.512925148010254, -11.456664085388184, -11.426265716552734, -11.331860542297363, -11.4625883102417, -11.429675102233887, -11.345013618469238, -11.292289733886719, -11.331604957580566, -11.470291137695312, -11.213327407836914], "spec_unsup_max": [2.248415946960449, 1.2055037021636963, 1.5994036197662354, 2.0472519397735596, 1.8647359609603882, 2.0477991104125977, 2.07555890083313, 2.1483263969421387, 2.002617597579956, 1.8797661066055298, 2.0401782989501953, 1.8983721733093262, 1.996964931488037, 2.0172674655914307, 2.075334072113037, 1.894484281539917, 1.9893831014633179, 2.0738155841827393, 1.9018011093139648, 1.6768996715545654, 1.7013136148452759, 1.7119824886322021, 1.7243754863739014, 1.8196158409118652, 1.749389886856079, 1.6237246990203857, 1.795521855354309, 1.878282904624939, 2.1400725841522217, 1.8587251901626587, 1.6559789180755615, 1.7160780429840088, 1.6609787940979004, 1.4950124025344849, 1.2981784343719482, 1.288214087486267, 1.2868082523345947, 1.1857631206512451, 1.3065383434295654, 1.1138885021209717, 1.1169276237487793, 1.0249708890914917, 1.0591238737106323, 0.9349302053451538, 1.0581086874008179, 0.9304275512695312, 0.6760103702545166, 0.5595842599868774, 0.5536672472953796, 0.5726047158241272, 0.9309839606285095, 0.9272439479827881, 0.9882552623748779, 0.6250937581062317, 0.5611330270767212, 0.8329461812973022, 0.7131380438804626, 0.992415189743042, 0.9316123723983765, 1.092097282409668, 0.8743870854377747, 0.7781763076782227, 0.8955880403518677, 0.8330883979797363, 0.731204628944397, 0.7928037047386169, 0.6675218939781189, 0.7988518476486206, 0.6834356188774109, 0.42883071303367615, 0.6589711308479309, -0.04839001223444939, 0.0957777202129364, 0.032365623861551285, -0.22507241368293762, 0.11709244549274445, 0.44349780678749084, 0.023931337520480156, -0.14998362958431244, 0.08167527616024017], "spec_sup_min": [-7.07574987411499, -7.25416374206543, -8.964447021484375, -9.577117919921875, -9.62684440612793, -10.320623397827148, -10.196864128112793, -10.741538047790527, -10.84321117401123, -11.23726749420166, -11.512925148010254, -11.342846870422363, -11.015217781066895, -11.248394012451172, -11.251346588134766, -11.512925148010254, -11.512925148010254, -11.512925148010254, -11.401372909545898, -11.512925148010254, -11.36351203918457, -11.512925148010254, -11.512925148010254, -11.512925148010254, -11.512925148010254, -11.512925148010254, -11.512925148010254, -11.512925148010254, -11.512925148010254, -11.512925148010254, -11.512925148010254, -11.512925148010254, -11.512925148010254, -11.512925148010254, -11.512925148010254, -11.512925148010254, -11.512925148010254, -11.512925148010254, -11.512925148010254, -11.512925148010254, -11.512925148010254, -11.512925148010254, -11.512925148010254, -11.512925148010254, -11.512925148010254, -11.512925148010254, -11.512925148010254, -11.512925148010254, -11.512925148010254, -11.512925148010254, -11.512925148010254, -11.512925148010254, -11.512925148010254, -11.512925148010254, -11.512925148010254, -11.512925148010254, -11.512925148010254, -11.512925148010254, -11.512925148010254, -11.512925148010254, -11.512925148010254, -11.512925148010254, -11.512925148010254, -11.512925148010254, -11.512925148010254, -11.512925148010254, -11.512925148010254, -11.414474487304688, -11.512925148010254, -11.512925148010254, -11.512925148010254, -11.503264427185059, -11.512925148010254, -11.512925148010254, -11.512925148010254, -11.512925148010254, -11.512925148010254, -11.512925148010254, -11.478262901306152, -11.407343864440918], "spec_sup_max": [2.2486910820007324, 1.1897947788238525, 1.5964815616607666, 2.062309741973877, 1.8682191371917725, 2.0482192039489746, 2.0645086765289307, 2.1525142192840576, 2.007355213165283, 1.8772276639938354, 2.004349708557129, 1.89336359500885, 1.9863348007202148, 1.992474913597107, 2.084325075149536, 1.8183578252792358, 1.9783190488815308, 2.0731427669525146, 1.9113563299179077, 1.6970032453536987, 1.6386367082595825, 1.711596965789795, 1.7555224895477295, 1.8248722553253174, 1.7611680030822754, 1.626082181930542, 1.8122498989105225, 1.9071589708328247, 2.1548845767974854, 1.8445979356765747, 1.6729028224945068, 1.7250193357467651, 1.6924505233764648, 1.497443675994873, 1.2590001821517944, 1.3132843971252441, 1.2338368892669678, 1.2347688674926758, 1.30263352394104, 1.1085296869277954, 1.1205899715423584, 1.0176105499267578, 1.0462305545806885, 0.8924485445022583, 1.0823884010314941, 0.8707925081253052, 0.6121242046356201, 0.5240293741226196, 0.5161424875259399, 0.6683214902877808, 0.9017584323883057, 0.9342594742774963, 1.0452156066894531, 0.5925118923187256, 0.564551830291748, 0.8647856712341309, 0.7553087472915649, 1.0391439199447632, 0.9834892749786377, 1.0829248428344727, 0.876029372215271, 0.8936665654182434, 0.8580200672149658, 0.7754562497138977, 0.6996859908103943, 0.7927549481391907, 0.6592618823051453, 0.7590096592903137, 0.6731356382369995, 0.3627619445323944, 0.5654132962226868, -0.05329683795571327, 0.1377543956041336, 0.06515473127365112, -0.22693367302417755, 0.13817933201789856, 0.451846182346344, 0.08636090159416199, -0.022113077342510223, 0.08161023259162903], "max_seq_len": 1298}