{"pitch_frame": [-1.0098089027368853, 8.581332327231394, 93.72156342705, 92.81118751581258], "pitch_phone": [-1.9048840407240843, 11.203635567576887, 166.65830743152384, 55.915719612109555], "energy_frame": [-1.1477124691009521, 11.64418888092041, 47.0085006415516, 40.87028910889283], "energy_phone": [-1.364117980003357, 8.444951057434082, 50.847948738734715, 36.91868858609725], "max_seq_len": 1126}